<configs>
	<append xpath="/progression/perks/perk[@name='perkAdvancedEngineering']">
		<effect_group>
			<passive_effect name="RecipeTagUnlocked" operation="base_set" level="4,5" value="1" tags="automatedmining"/>
		</effect_group>
	</append>

	<append xpath="/progression/perks/perk[@name='perkAdvancedEngineering']">
		<effect_group>
			<passive_effect name="RecipeTagUnlocked" operation="base_set" level="4,5" value="1" tags="automatedammunition"/>
		</effect_group>
	</append>
</configs>